cod_imovel;cod_estado;municipio;nom_tema;des_condic;ind_status;num_area
SP-3541406-1111498D46624A2EB88BE0D2057BD994;SP;Presidente Prudente;Área de Infraestrutura Pública;Analisado, aguardando atendimento a notificação;AT;0,4242
SP-3541406-1C55805894874587B7FE866A10713EE6;SP;Presidente Prudente;Área de Infraestrutura Pública;Aguardando análise;AT;0,7224
SP-3541406-1CE0B8EC90F94D75A25424E2F330D38C;SP;Presidente Prudente;Área de Infraestrutura Pública;Aguardando análise;PE;0,1573
SP-3541406-51F07FEAC86D479CBED0A2CCFCCA13C9;SP;Presidente Prudente;Área de Infraestrutura Pública;Aguardando análise;AT;0,3331
SP-3541406-5F40D5611EB34ACD89BC3927CF095A20;SP;Presidente Prudente;Área de Infraestrutura Pública;Aguardando análise;AT;0,0141
SP-3541406-8EFDB33A7B7343DF94C5AD7DA27252FC;SP;Presidente Prudente;Área de Infraestrutura Pública;Aguardando análise;AT;0,0699
SP-3541406-A77EC7F9689C45F9BEF69B09CADB5555;SP;Presidente Prudente;Área de Infraestrutura Pública;Aguardando análise;AT;0,3117
SP-3541406-A8C1EAD4E3314CE4BEA1C5D60BE78F49;SP;Presidente Prudente;Área de Infraestrutura Pública;Analisado, em conformidade com a Lei nº 12.651/2012, com ativos ambientais;AT;3,1776
SP-3541406-B04C4E67496A480D9ED07EFE87DEB81D;SP;Presidente Prudente;Área de Infraestrutura Pública;Aguardando análise;AT;0,0983
SP-3541406-C40823AD226148C6A97F9722E3307E50;SP;Presidente Prudente;Área de Infraestrutura Pública;Aguardando análise;AT;1,8147
SP-3541406-CDF9FB0B2D314680ACDCFDF424291F93;SP;Presidente Prudente;Área de Infraestrutura Pública;Aguardando análise;AT;1,9038
SP-3541406-E7174187301E456BA02737B5235D731C;SP;Presidente Prudente;Área de Infraestrutura Pública;Aguardando análise;AT;0,2487
SP-3541406-F202122D0736406C887F0B9CDA8A4D5C;SP;Presidente Prudente;Área de Infraestrutura Pública;Aguardando análise;AT;0,1979
SP-3541406-13D4B1A98F7B454A8C1ECD2B3F984F78;SP;Presidente Prudente;Área de Utilidade Pública;Aguardando análise;AT;0,4134
SP-3541406-16B479799DD04D308B616B161ECFD511;SP;Presidente Prudente;Área de Utilidade Pública;Analisado, aguardando atendimento a notificação;AT;0,2120
SP-3541406-18D26F9FD840450587FC746E710AB931;SP;Presidente Prudente;Área de Utilidade Pública;Aguardando análise;AT;0,0916
SP-3541406-1E5E4EBA74E04F6280C7F6EE58C7BD2E;SP;Presidente Prudente;Área de Utilidade Pública;Aguardando análise;AT;1,0366
SP-3541406-24A0849B55954DA8BD22562E42203223;SP;Presidente Prudente;Área de Utilidade Pública;Aguardando análise;AT;0,5216
SP-3541406-5BE1181A001244D4ACBC0D667BE542FB;SP;Presidente Prudente;Área de Utilidade Pública;Aguardando análise;AT;0,1255
SP-3541406-75E3A232DA5E4734854551C3E1277556;SP;Presidente Prudente;Área de Utilidade Pública;Aguardando análise;AT;0,5888
SP-3541406-8F2DF17E66A643508EC0634334AF68B3;SP;Presidente Prudente;Área de Utilidade Pública;Aguardando análise;AT;0,1805
SP-3541406-9CF8B76BED4340F497C91F1A13D28D6F;SP;Presidente Prudente;Área de Utilidade Pública;Aguardando análise;AT;3,0636
SP-3541406-9E1B2D5AFEFD4718ADB3CC3EE1493D87;SP;Presidente Prudente;Área de Utilidade Pública;Aguardando análise;AT;0,3267
SP-3541406-9F858001CF28475B8FFAD6FC31E51042;SP;Presidente Prudente;Área de Utilidade Pública;Aguardando análise;PE;0,0679
SP-3541406-A35B5F5DBDE048E5BD2067898F2CDA14;SP;Presidente Prudente;Área de Utilidade Pública;Analisado, aguardando atendimento a notificação;AT;0,4373
SP-3541406-F44B133D703742A3A4B7A6D6E73E7044;SP;Presidente Prudente;Área de Utilidade Pública;Aguardando análise;AT;0,1273
SP-3541406-FD847D09BF4B40FB8D45755CE4C67DBD;SP;Presidente Prudente;Área de Utilidade Pública;Aguardando análise;AT;0,2261
SP-3541406-01C2C984CAD84A53862DB7A2C4E79614;SP;Presidente Prudente;Área de Servidão Administrativa Total;Aguardando análise, após revisão ou atendimento da notificação;AT;0,2172
SP-3541406-037DA1561FD94611A91ED2A66C3C6A1E;SP;Presidente Prudente;Área de Servidão Administrativa Total;Analisado, em conformidade com a Lei nº 12.651/2012, com ativos ambientais;AT;0,1044
SP-3541406-069CF247C6A24C6CAB42941D9D11C71F;SP;Presidente Prudente;Área de Servidão Administrativa Total;Aguardando análise, após revisão ou atendimento da notificação;AT;0,0751
SP-3541406-06DE44F1407746C386233EC23CA43339;SP;Presidente Prudente;Área de Servidão Administrativa Total;Aguardando análise, após revisão ou atendimento da notificação;AT;0,0805
SP-3541406-09C0329969DE447B938AB0264AF6FF18;SP;Presidente Prudente;Área de Servidão Administrativa Total;Analisado, aguardando atendimento a notificação;AT;0,0528
SP-3541406-09CF5AAB6B94420885F52491A6782053;SP;Presidente Prudente;Área de Servidão Administrativa Total;Aguardando análise;AT;0,4764
SP-3541406-09D6AF8667BE4EB191AF933C2AA8AC26;SP;Presidente Prudente;Área de Servidão Administrativa Total;Analisado, aguardando regularização ambiental (Lei nº 12.651/2012);AT;0,5406
SP-3541406-0AE923DFBD004D35ABE1B72160692D7A;SP;Presidente Prudente;Área de Servidão Administrativa Total;Aguardando análise;AT;0,9559
SP-3541406-0B8405F100754A3A8E50040C45076223;SP;Presidente Prudente;Área de Servidão Administrativa Total;Aguardando análise;AT;0,0752
SP-3541406-0D4F0836663F4EE0A8BF766BFF376CCF;SP;Presidente Prudente;Área de Servidão Administrativa Total;Analisado, em conformidade com a Lei nº 12.651/2012, com ativos ambientais;AT;0,0686
SP-3541406-0E5AFE0E20EE4F6F85675F4ABFFD89EC;SP;Presidente Prudente;Área de Servidão Administrativa Total;Aguardando análise;AT;0,1647
SP-3541406-0EA770868C11420C9E9E391CD10A1BEC;SP;Presidente Prudente;Área de Servidão Administrativa Total;Analisado, em conformidade com a Lei nº 12.651/2012, com ativos ambientais;AT;0,1285
SP-3541406-0EB1B3D60EFD475BA57BEE69B47ECF03;SP;Presidente Prudente;Área de Servidão Administrativa Total;Analisado, aguardando regularização ambiental (Lei nº 12.651/2012);AT;0,1829
SP-3541406-0F322A88DF10477AA13C7417EC366BF6;SP;Presidente Prudente;Área de Servidão Administrativa Total;Aguardando análise, após revisão ou atendimento da notificação;AT;0,0551
SP-3541406-0F6C5711F13F4B15A05D72A0EBDF4559;SP;Presidente Prudente;Área de Servidão Administrativa Total;Analisado, aguardando atendimento a notificação;AT;0,8918
SP-3541406-10E60C568A6847FCA428BC21A0452399;SP;Presidente Prudente;Área de Servidão Administrativa Total;Analisado, em conformidade com a Lei nº 12.651/2012, com ativos ambientais;AT;0,0199
SP-3541406-1111498D46624A2EB88BE0D2057BD994;SP;Presidente Prudente;Área de Servidão Administrativa Total;Analisado, aguardando atendimento a notificação;AT;0,4242
SP-3541406-1121E610A37C41D29834E4F1EF6E9121;SP;Presidente Prudente;Área de Servidão Administrativa Total;Analisado, aguardando atendimento a notificação;AT;0,3913
SP-3541406-112257D95C464297BFC09C9319597639;SP;Presidente Prudente;Área de Servidão Administrativa Total;Analisado, aguardando atendimento a notificação;AT;0,1140
SP-3541406-116BC5C019974CBCA76DFE21CCD9925E;SP;Presidente Prudente;Área de Servidão Administrativa Total;Aguardando análise;AT;1,0105
SP-3541406-116BC5C019974CBCA76DFE21CCD9925E;SP;Presidente Prudente;Área de Servidão Administrativa Total;Aguardando análise;AT;2,6777
SP-3541406-13D4B1A98F7B454A8C1ECD2B3F984F78;SP;Presidente Prudente;Área de Servidão Administrativa Total;Aguardando análise;AT;0,4134
SP-3541406-14EC3C83593341DCB7C501E601361010;SP;Presidente Prudente;Área de Servidão Administrativa Total;Analisado, aguardando regularização ambiental (Lei nº 12.651/2012);AT;0,2953
SP-3541406-15DB9ACA95144E21943C5050B13FB1CF;SP;Presidente Prudente;Área de Servidão Administrativa Total;Analisado, aguardando atendimento a notificação;AT;0,0637
SP-3541406-15DB9ACA95144E21943C5050B13FB1CF;SP;Presidente Prudente;Área de Servidão Administrativa Total;Analisado, aguardando atendimento a notificação;AT;0,1148
SP-3541406-16965EDB7A614B6B93E0A3FEF3DD2048;SP;Presidente Prudente;Área de Servidão Administrativa Total;Analisado, em conformidade com a Lei nº 12.651/2012, com ativos ambientais;AT;0,0495
SP-3541406-16B479799DD04D308B616B161ECFD511;SP;Presidente Prudente;Área de Servidão Administrativa Total;Analisado, aguardando atendimento a notificação;AT;0,2120
SP-3541406-18D26F9FD840450587FC746E710AB931;SP;Presidente Prudente;Área de Servidão Administrativa Total;Aguardando análise;AT;0,0916
SP-3541406-1981F17B64E8406BAD7B434E6524CD5C;SP;Presidente Prudente;Área de Servidão Administrativa Total;Analisado, aguardando atendimento a notificação;AT;0,0588
SP-3541406-1A66CB9AA1324414902EC46981981368;SP;Presidente Prudente;Área de Servidão Administrativa Total;Aguardando análise, após revisão ou atendimento da notificação;AT;0,0587
SP-3541406-1A803CA4C31545ACB98096646D51E101;SP;Presidente Prudente;Área de Servidão Administrativa Total;Analisado, em conformidade com a Lei nº 12.651/2012, com ativos ambientais;AT;0,3559
SP-3541406-1C55805894874587B7FE866A10713EE6;SP;Presidente Prudente;Área de Servidão Administrativa Total;Aguardando análise;AT;0,7224
SP-3541406-1CE0B8EC90F94D75A25424E2F330D38C;SP;Presidente Prudente;Área de Servidão Administrativa Total;Aguardando análise;PE;0,1573
SP-3541406-1DE2C43E3D23444FA6D0015027D2ADEB;SP;Presidente Prudente;Área de Servidão Administrativa Total;Analisado, aguardando regularização ambiental (Lei nº 12.651/2012);AT;0,3814
SP-3541406-1E5E4EBA74E04F6280C7F6EE58C7BD2E;SP;Presidente Prudente;Área de Servidão Administrativa Total;Aguardando análise;AT;1,0366
SP-3541406-1F884D96C18C487EB5D40A667C5A6750;SP;Presidente Prudente;Área de Servidão Administrativa Total;Aguardando análise;AT;0,0220
SP-3541406-1F884D96C18C487EB5D40A667C5A6750;SP;Presidente Prudente;Área de Servidão Administrativa Total;Aguardando análise;AT;0,0922
SP-3541406-201B4F218C6948F9A020A67B174077D9;SP;Presidente Prudente;Área de Servidão Administrativa Total;Aguardando análise;AT;0,0482
SP-3541406-201B4F218C6948F9A020A67B174077D9;SP;Presidente Prudente;Área de Servidão Administrativa Total;Aguardando análise;AT;0,8648
SP-3541406-201B4F218C6948F9A020A67B174077D9;SP;Presidente Prudente;Área de Servidão Administrativa Total;Aguardando análise;AT;0,1828
SP-3541406-22A6A1E1890C490BB9365792DA89C0E8;SP;Presidente Prudente;Área de Servidão Administrativa Total;Analisado, em conformidade com a Lei nº 12.651/2012, com ativos ambientais;AT;0,5794
SP-3541406-24885EC5272D4D55B1EB7C4E42B8BA22;SP;Presidente Prudente;Área de Servidão Administrativa Total;Analisado, em conformidade com a Lei nº 12.651/2012;AT;0,1690
SP-3541406-24A0849B55954DA8BD22562E42203223;SP;Presidente Prudente;Área de Servidão Administrativa Total;Aguardando análise;AT;0,5216
SP-3541406-24B2AA96B9B14AD8B85377FDD4B695C7;SP;Presidente Prudente;Área de Servidão Administrativa Total;Aguardando análise, após revisão ou atendimento da notificação;AT;0,0671
SP-3541406-24B5E6330E454B069A8633624DD0AC30;SP;Presidente Prudente;Área de Servidão Administrativa Total;Aguardando análise, após revisão ou atendimento da notificação;AT;0,3402
SP-3541406-24BB6898643F4B1B8E452998BC5FF7AA;SP;Presidente Prudente;Área de Servidão Administrativa Total;Aguardando análise, após revisão ou atendimento da notificação;AT;0,0426
SP-3541406-24CF74A1D7B946E3B2464DF11867290F;SP;Presidente Prudente;Área de Servidão Administrativa Total;Analisado, em conformidade com a Lei nº 12.651/2012, com ativos ambientais;AT;0,1897
SP-3541406-24FCA19BCDA7455FADBE67EF59C6110E;SP;Presidente Prudente;Área de Servidão Administrativa Total;Analisado, em conformidade com a Lei nº 12.651/2012, com ativos ambientais;AT;0,2166
SP-3541406-26AA3D1D829B4D7C940240C9BA2E4046;SP;Presidente Prudente;Área de Servidão Administrativa Total;Aguardando análise;AT;0,2824
SP-3541406-272507A9F957470DA0DD066883BFF0DA;SP;Presidente Prudente;Área de Servidão Administrativa Total;Analisado, aguardando atendimento a notificação;AT;0,5985
SP-3541406-272507A9F957470DA0DD066883BFF0DA;SP;Presidente Prudente;Área de Servidão Administrativa Total;Analisado, aguardando atendimento a notificação;AT;0,2194
SP-3541406-272507A9F957470DA0DD066883BFF0DA;SP;Presidente Prudente;Área de Servidão Administrativa Total;Analisado, aguardando atendimento a notificação;AT;1,5764
SP-3541406-2858B623B5A94B71A0ACA20A647C8B63;SP;Presidente Prudente;Área de Servidão Administrativa Total;Analisado, em conformidade com a Lei nº 12.651/2012, com ativos ambientais;AT;0,0767
SP-3541406-2877BC152B2443BF973994A37ED2B91B;SP;Presidente Prudente;Área de Servidão Administrativa Total;Analisado, aguardando atendimento a notificação;AT;0,1677
SP-3541406-28972E939BF0447EAF9BE5E276A63B2E;SP;Presidente Prudente;Área de Servidão Administrativa Total;Aguardando análise;AT;0,2727
SP-3541406-2940EEA5638B4C28A8CDAAC31820D44C;SP;Presidente Prudente;Área de Servidão Administrativa Total;Analisado, em conformidade com a Lei nº 12.651/2012, com ativos ambientais;AT;0,1478
SP-3541406-2B8B29ED0CE345558D48F433B01F58C2;SP;Presidente Prudente;Área de Servidão Administrativa Total;Aguardando análise, após revisão ou atendimento da notificação;AT;0,0905
SP-3541406-2B921F5E6A164BEA9154D03BADD66114;SP;Presidente Prudente;Área de Servidão Administrativa Total;Analisado, aguardando atendimento a notificação;AT;0,2249
SP-3541406-2C095D35A2E646B5B3F2AA5334624C3B;SP;Presidente Prudente;Área de Servidão Administrativa Total;Analisado, em conformidade com a Lei nº 12.651/2012, com ativos ambientais;AT;0,6959
SP-3541406-2C7136E6E26442E4987ECAAED6A1CB4F;SP;Presidente Prudente;Área de Servidão Administrativa Total;Aguardando análise, após revisão ou atendimento da notificação;AT;0,2501
SP-3541406-2DBE8515470B4FCBAE3B400A0B803195;SP;Presidente Prudente;Área de Servidão Administrativa Total;Analisado, aguardando regularização ambiental (Lei nº 12.651/2012);AT;0,0754
SP-3541406-2E609126305642998836E0EBB5700548;SP;Presidente Prudente;Área de Servidão Administrativa Total;Analisado, aguardando atendimento a notificação;AT;0,0068
SP-3541406-2E62154616FA448281D24D84F4F443F9;SP;Presidente Prudente;Área de Servidão Administrativa Total;Analisado, em conformidade com a Lei nº 12.651/2012, com ativos ambientais;AT;0,1720
SP-3541406-32B90104B112402E9CD47B3F15297C6D;SP;Presidente Prudente;Área de Servidão Administrativa Total;Aguardando análise;AT;0,0752
SP-3541406-32F082775EFA4BFB880D3FFF589CB8AD;SP;Presidente Prudente;Área de Servidão Administrativa Total;Aguardando análise;AT;0,0956
SP-3541406-3402563EBC124F689F5B2833EA8ACA59;SP;Presidente Prudente;Área de Servidão Administrativa Total;Analisado, em conformidade com a Lei nº 12.651/2012, com ativos ambientais;AT;0,0966
SP-3541406-347EA48EA58849BB8B96D861B013685F;SP;Presidente Prudente;Área de Servidão Administrativa Total;Aguardando análise;AT;0,0395
SP-3541406-352BA589886F47E794F306AE0DBF90B7;SP;Presidente Prudente;Área de Servidão Administrativa Total;Analisado, em conformidade com a Lei nº 12.651/2012, com ativos ambientais;AT;0,2803
SP-3541406-3582A0FAE7C24FFFA2A245F24085DE54;SP;Presidente Prudente;Área de Servidão Administrativa Total;Aguardando análise, após revisão ou atendimento da notificação;AT;0,5783
SP-3541406-372E3CCC37C1494EAAE1D3AF237DA6B2;SP;Presidente Prudente;Área de Servidão Administrativa Total;Analisado, em conformidade com a Lei nº 12.651/2012, com ativos ambientais;AT;0,0494
SP-3541406-38D69ADB22B64189BA7EB3ECD1465296;SP;Presidente Prudente;Área de Servidão Administrativa Total;Aguardando análise, após revisão ou atendimento da notificação;AT;0,0564
SP-3541406-3C4DC8E9BF304106BA8CE105449DC0A3;SP;Presidente Prudente;Área de Servidão Administrativa Total;Aguardando análise;AT;0,0778
SP-3541406-3C4DC8E9BF304106BA8CE105449DC0A3;SP;Presidente Prudente;Área de Servidão Administrativa Total;Aguardando análise;AT;0,0992
SP-3541406-3C4DC8E9BF304106BA8CE105449DC0A3;SP;Presidente Prudente;Área de Servidão Administrativa Total;Aguardando análise;AT;0,0000
SP-3541406-3E49C55D21B647B8ACAA9B4B536F29BF;SP;Presidente Prudente;Área de Servidão Administrativa Total;Analisado, em conformidade com a Lei nº 12.651/2012, com ativos ambientais;AT;0,1135
SP-3541406-3EAE56B3C917455DAE88F9C980F7A0D7;SP;Presidente Prudente;Área de Servidão Administrativa Total;Analisado, aguardando regularização ambiental (Lei nº 12.651/2012);AT;0,3476
SP-3541406-3EAE56B3C917455DAE88F9C980F7A0D7;SP;Presidente Prudente;Área de Servidão Administrativa Total;Analisado, aguardando regularização ambiental (Lei nº 12.651/2012);AT;0,2038
SP-3541406-3EBEBA2015DE4D98BEA14F6EB7740A3D;SP;Presidente Prudente;Área de Servidão Administrativa Total;Aguardando análise, após revisão ou atendimento da notificação;AT;0,5688
SP-3541406-3F97E382EA0F4FF8873C040B0B6CBD76;SP;Presidente Prudente;Área de Servidão Administrativa Total;Analisado, em conformidade com a Lei nº 12.651/2012, com ativos ambientais;AT;0,0409
SP-3541406-40F6FA4128E64AD1852A2507576B0226;SP;Presidente Prudente;Área de Servidão Administrativa Total;Aguardando análise, após revisão ou atendimento da notificação;AT;0,3844
SP-3541406-4215072973704489B93BB9E3E1CC4EA9;SP;Presidente Prudente;Área de Servidão Administrativa Total;Analisado, em conformidade com a Lei nº 12.651/2012, com ativos ambientais;AT;0,0890
SP-3541406-430CF95CA97F400C9A4088F9A97A1469;SP;Presidente Prudente;Área de Servidão Administrativa Total;Analisado, em conformidade com a Lei nº 12.651/2012, com ativos ambientais;AT;0,4213
SP-3541406-4331582A56884DC48E698ABAF7D87417;SP;Presidente Prudente;Área de Servidão Administrativa Total;Analisado, aguardando atendimento a notificação;AT;0,7283
SP-3541406-43A107228A85426AA7A9FFD880C58D16;SP;Presidente Prudente;Área de Servidão Administrativa Total;Aguardando análise;AT;0,2460
SP-3541406-4435CB8909094E4C923205B244B10535;SP;Presidente Prudente;Área de Servidão Administrativa Total;Aguardando análise;AT;0,1275
SP-3541406-45BF6EB26723430B880164826F137420;SP;Presidente Prudente;Área de Servidão Administrativa Total;Analisado, aguardando atendimento a notificação;AT;0,7943
SP-3541406-4671422FFE2144A6A1656E8E0D35FB06;SP;Presidente Prudente;Área de Servidão Administrativa Total;Analisado, aguardando atendimento a notificação;AT;0,0137
SP-3541406-488D0CEF046F4BCE8CFEB89CACE0BD18;SP;Presidente Prudente;Área de Servidão Administrativa Total;Analisado, em conformidade com a Lei nº 12.651/2012;AT;0,0769
SP-3541406-4896D09FC31444BDA352C98B32E67486;SP;Presidente Prudente;Área de Servidão Administrativa Total;Analisado, aguardando atendimento a notificação;AT;0,1879
SP-3541406-4A1B6886C5CF4D4C92EB6042E4640946;SP;Presidente Prudente;Área de Servidão Administrativa Total;Aguardando análise, após revisão ou atendimento da notificação;AT;0,0135
SP-3541406-4BC226ADBBF14B929DD5BD9B6DA2AED5;SP;Presidente Prudente;Área de Servidão Administrativa Total;Analisado, em conformidade com a Lei nº 12.651/2012;AT;0,0088
SP-3541406-4D988BB3950A4F209B91C9823A82D2EA;SP;Presidente Prudente;Área de Servidão Administrativa Total;Aguardando análise, após revisão ou atendimento da notificação;AT;0,1641
SP-3541406-4D988BB3950A4F209B91C9823A82D2EA;SP;Presidente Prudente;Área de Servidão Administrativa Total;Aguardando análise, após revisão ou atendimento da notificação;AT;0,1641
SP-3541406-4D988BB3950A4F209B91C9823A82D2EA;SP;Presidente Prudente;Área de Servidão Administrativa Total;Aguardando análise, após revisão ou atendimento da notificação;AT;0,1641
SP-3541406-4D988BB3950A4F209B91C9823A82D2EA;SP;Presidente Prudente;Área de Servidão Administrativa Total;Aguardando análise, após revisão ou atendimento da notificação;AT;0,1641
SP-3541406-4E51849F05D64BE690906D8771A1AD33;SP;Presidente Prudente;Área de Servidão Administrativa Total;Analisado, aguardando atendimento a notificação;AT;0,1245
SP-3541406-4F20A15AD17D4D0496C644C7BECA6C2D;SP;Presidente Prudente;Área de Servidão Administrativa Total;Analisado, em conformidade com a Lei nº 12.651/2012, com ativos ambientais;AT;0,1166
SP-3541406-4F480FE1716247AF8B0A921C205F2039;SP;Presidente Prudente;Área de Servidão Administrativa Total;Analisado, aguardando regularização ambiental (Lei nº 12.651/2012);AT;0,1188
SP-3541406-50849EABC15E4120B3DA287F535C65E2;SP;Presidente Prudente;Área de Servidão Administrativa Total;Analisado, aguardando atendimento a notificação;AT;0,7968
SP-3541406-515CCE6326A6429EB9072B363D4A4C62;SP;Presidente Prudente;Área de Servidão Administrativa Total;Aguardando análise, após revisão ou atendimento da notificação;AT;0,0490
SP-3541406-51D29A5C75FC48629B769CDA40E7818D;SP;Presidente Prudente;Área de Servidão Administrativa Total;Aguardando análise;AT;0,9341
SP-3541406-51F07FEAC86D479CBED0A2CCFCCA13C9;SP;Presidente Prudente;Área de Servidão Administrativa Total;Aguardando análise;AT;0,3331
SP-3541406-52DB6FE9DFF7459286A1C554FB656447;SP;Presidente Prudente;Área de Servidão Administrativa Total;Aguardando análise;AT;0,1667
SP-3541406-53ADED5B7B5549098B870A1366CBCDF4;SP;Presidente Prudente;Área de Servidão Administrativa Total;Analisado, aguardando atendimento a notificação;AT;0,0171
SP-3541406-569DE895840947DBACF18D29D74A3DF7;SP;Presidente Prudente;Área de Servidão Administrativa Total;Analisado, aguardando atendimento a notificação;AT;1,2982
SP-3541406-56D50C8B3291401BB920983E1F551513;SP;Presidente Prudente;Área de Servidão Administrativa Total;Aguardando análise, após revisão ou atendimento da notificação;AT;0,0719
SP-3541406-5A57076811F04421A8956E9FB6DB0CD2;SP;Presidente Prudente;Área de Servidão Administrativa Total;Analisado, em conformidade com a Lei nº 12.651/2012, com ativos ambientais;AT;0,6047
SP-3541406-5B22AA71131C4B39A084ECFA17FF3CBA;SP;Presidente Prudente;Área de Servidão Administrativa Total;Aguardando análise, após revisão ou atendimento da notificação;AT;0,0479
SP-3541406-5B8DD5C5CC2E478E8CF55256DC2BCB6A;SP;Presidente Prudente;Área de Servidão Administrativa Total;Analisado, aguardando atendimento a notificação;AT;0,0530
SP-3541406-5BCA8EF7E71146A28994EB0D8C030AE9;SP;Presidente Prudente;Área de Servidão Administrativa Total;Aguardando análise, após revisão ou atendimento da notificação;AT;0,1914
SP-3541406-5BDEDDB484A1477389DC192B0548E6EC;SP;Presidente Prudente;Área de Servidão Administrativa Total;Aguardando análise, após revisão ou atendimento da notificação;AT;0,1603
SP-3541406-5BE1181A001244D4ACBC0D667BE542FB;SP;Presidente Prudente;Área de Servidão Administrativa Total;Aguardando análise;AT;0,1255
SP-3541406-5D199CD2F8714462A22FBDA3F762721C;SP;Presidente Prudente;Área de Servidão Administrativa Total;Analisado, em conformidade com a Lei nº 12.651/2012;AT;0,2097
SP-3541406-5D270C0E22B94A3D8A9EE982B8E02962;SP;Presidente Prudente;Área de Servidão Administrativa Total;Aguardando análise, após revisão ou atendimento da notificação;AT;0,1125
SP-3541406-5E473C5623034FBCB1E68751E4EECE55;SP;Presidente Prudente;Área de Servidão Administrativa Total;Analisado, em conformidade com a Lei nº 12.651/2012;AT;0,0761
SP-3541406-5F40D5611EB34ACD89BC3927CF095A20;SP;Presidente Prudente;Área de Servidão Administrativa Total;Aguardando análise;AT;0,0141
SP-3541406-615202822CA24DD1B33D56687939B9A9;SP;Presidente Prudente;Área de Servidão Administrativa Total;Analisado, aguardando regularização ambiental (Lei nº 12.651/2012);AT;0,2422
SP-3541406-62CEE456FFF1466F820FCAA8BE63841D;SP;Presidente Prudente;Área de Servidão Administrativa Total;Analisado, aguardando atendimento a notificação;AT;3,3454
SP-3541406-62CEE456FFF1466F820FCAA8BE63841D;SP;Presidente Prudente;Área de Servidão Administrativa Total;Analisado, aguardando atendimento a notificação;AT;0,3490
SP-3541406-67DA33B928484422BC282167909893A0;SP;Presidente Prudente;Área de Servidão Administrativa Total;Aguardando análise;AT;0,5603
SP-3541406-68E6E5CEB668460EA7EE4C5F8B0CBCF5;SP;Presidente Prudente;Área de Servidão Administrativa Total;Analisado, aguardando regularização ambiental (Lei nº 12.651/2012);AT;0,1859
SP-3541406-69CB47353BAA456A9BDB8110315DC56D;SP;Presidente Prudente;Área de Servidão Administrativa Total;Analisado, em conformidade com a Lei nº 12.651/2012;AT;0,0731
SP-3541406-6A34520022CB490F88A03CDC32CBA079;SP;Presidente Prudente;Área de Servidão Administrativa Total;Analisado, em conformidade com a Lei nº 12.651/2012, com ativos ambientais;AT;0,0521
SP-3541406-6A34520022CB490F88A03CDC32CBA079;SP;Presidente Prudente;Área de Servidão Administrativa Total;Analisado, em conformidade com a Lei nº 12.651/2012, com ativos ambientais;AT;0,1690
SP-3541406-6B3041F370134F8281CFFD1692039567;SP;Presidente Prudente;Área de Servidão Administrativa Total;Aguardando análise;AT;0,2148
SP-3541406-6BA21518BCFD4C6094AAD3B02838563E;SP;Presidente Prudente;Área de Servidão Administrativa Total;Analisado, em conformidade com a Lei nº 12.651/2012;AT;0,0711
SP-3541406-6BCB028F79484F04B33F81F795B39474;SP;Presidente Prudente;Área de Servidão Administrativa Total;Analisado, em conformidade com a Lei nº 12.651/2012, com ativos ambientais;AT;0,0719
SP-3541406-6C62037EC0FE49EFB4885F28B837F5D3;SP;Presidente Prudente;Área de Servidão Administrativa Total;Analisado, em conformidade com a Lei nº 12.651/2012;AT;0,2775
SP-3541406-6DA7C4734C4C4A57BE78A877A7CD9A7E;SP;Presidente Prudente;Área de Servidão Administrativa Total;Analisado, aguardando atendimento a notificação;AT;0,0000
SP-3541406-6DA7C4734C4C4A57BE78A877A7CD9A7E;SP;Presidente Prudente;Área de Servidão Administrativa Total;Analisado, aguardando atendimento a notificação;AT;0,1335
SP-3541406-6DA7C4734C4C4A57BE78A877A7CD9A7E;SP;Presidente Prudente;Área de Servidão Administrativa Total;Analisado, aguardando atendimento a notificação;AT;0,0005
SP-3541406-6EA620152CCD4A278AE0D01A30C3642F;SP;Presidente Prudente;Área de Servidão Administrativa Total;Aguardando análise;AT;0,3905
SP-3541406-6F906DC6F7D5468F9CAAD3273C6C273D;SP;Presidente Prudente;Área de Servidão Administrativa Total;Analisado, em conformidade com a Lei nº 12.651/2012, com ativos ambientais;AT;0,8701
SP-3541406-6FFA374B2EB44859B536282EF07E41A8;SP;Presidente Prudente;Área de Servidão Administrativa Total;Aguardando análise;AT;0,1042
SP-3541406-71B3335C4B68442287B05352A623D810;SP;Presidente Prudente;Área de Servidão Administrativa Total;Analisado, aguardando atendimento a notificação;AT;0,1414
SP-3541406-735C7B487485483DB8EBD8EC81FDF51A;SP;Presidente Prudente;Área de Servidão Administrativa Total;Aguardando análise;AT;0,2554
SP-3541406-73ABAF1F3D254214B32B2FC7F795CF3B;SP;Presidente Prudente;Área de Servidão Administrativa Total;Analisado, em conformidade com a Lei nº 12.651/2012, com ativos ambientais;AT;0,2357
SP-3541406-73E4F1EDA5BD4713A6AD4A49F80FA079;SP;Presidente Prudente;Área de Servidão Administrativa Total;Aguardando análise;AT;0,0513
SP-3541406-74FC79C67B094EE499835DB585AB51A6;SP;Presidente Prudente;Área de Servidão Administrativa Total;Analisado, aguardando atendimento a notificação;AT;0,0016
SP-3541406-755DB09DF20349B8A7FC85FBA24B109D;SP;Presidente Prudente;Área de Servidão Administrativa Total;Analisado, em conformidade com a Lei nº 12.651/2012, com ativos ambientais;AT;0,2776
SP-3541406-75E3A232DA5E4734854551C3E1277556;SP;Presidente Prudente;Área de Servidão Administrativa Total;Aguardando análise;AT;0,5888
SP-3541406-767B9EC346DB4B11A331EFA014BB0AC9;SP;Presidente Prudente;Área de Servidão Administrativa Total;Aguardando análise;AT;0,1827
SP-3541406-76B21A907577492BA22CFB239666FC51;SP;Presidente Prudente;Área de Servidão Administrativa Total;Aguardando análise;AT;0,3748
SP-3541406-770987894F8449ADB78CA18C9D45C7B9;SP;Presidente Prudente;Área de Servidão Administrativa Total;Aguardando análise, após revisão ou atendimento da notificação;AT;0,2651
SP-3541406-77EFDD4236954EBA9CBFBD7A333CE4D1;SP;Presidente Prudente;Área de Servidão Administrativa Total;Aguardando análise, após revisão ou atendimento da notificação;AT;0,0310
SP-3541406-77EFDD4236954EBA9CBFBD7A333CE4D1;SP;Presidente Prudente;Área de Servidão Administrativa Total;Aguardando análise, após revisão ou atendimento da notificação;AT;0,0709
SP-3541406-77EFDD4236954EBA9CBFBD7A333CE4D1;SP;Presidente Prudente;Área de Servidão Administrativa Total;Aguardando análise, após revisão ou atendimento da notificação;AT;0,1567
SP-3541406-78F09C6C406D4B91B99999B235F43F70;SP;Presidente Prudente;Área de Servidão Administrativa Total;Aguardando análise;AT;0,0476
SP-3541406-7941449E883143BBBFA0093A845C6C0B;SP;Presidente Prudente;Área de Servidão Administrativa Total;Analisado, aguardando atendimento a notificação;AT;0,3370
SP-3541406-79458F4B413347B88774BC240F71A78B;SP;Presidente Prudente;Área de Servidão Administrativa Total;Analisado, aguardando atendimento a notificação;AT;0,5143
SP-3541406-7EC0FD4F63A74E2782C2754755B570D9;SP;Presidente Prudente;Área de Servidão Administrativa Total;Analisado, aguardando regularização ambiental (Lei nº 12.651/2012);AT;0,1977
SP-3541406-7F984B0B36BD4941A87B3CED27B96877;SP;Presidente Prudente;Área de Servidão Administrativa Total;Analisado, em conformidade com a Lei nº 12.651/2012, com ativos ambientais;AT;0,0477
SP-3541406-7FC2D0B004EE4A61AB2A4A544C0722AB;SP;Presidente Prudente;Área de Servidão Administrativa Total;Aguardando análise;AT;0,0655
SP-3541406-804DF3831F4A402EB4627BC96B5F0E9F;SP;Presidente Prudente;Área de Servidão Administrativa Total;Analisado, em conformidade com a Lei nº 12.651/2012, com ativos ambientais;AT;0,0392
SP-3541406-808D4C0CB2CE4821A5E0DDB0D5E30634;SP;Presidente Prudente;Área de Servidão Administrativa Total;Analisado, em conformidade com a Lei nº 12.651/2012, com ativos ambientais;AT;0,3197
SP-3541406-859CC1F0C8574076869421EB15FF0E67;SP;Presidente Prudente;Área de Servidão Administrativa Total;Analisado, em conformidade com a Lei nº 12.651/2012;AT;0,0935
SP-3541406-86C4FBEC7DD44956880494370BFEBEEE;SP;Presidente Prudente;Área de Servidão Administrativa Total;Analisado, em conformidade com a Lei nº 12.651/2012, com ativos ambientais;AT;0,1563
SP-3541406-86C4FBEC7DD44956880494370BFEBEEE;SP;Presidente Prudente;Área de Servidão Administrativa Total;Analisado, em conformidade com a Lei nº 12.651/2012, com ativos ambientais;AT;0,2407
SP-3541406-86E65B65547E4CB8AF0F7F12035E4526;SP;Presidente Prudente;Área de Servidão Administrativa Total;Analisado, aguardando regularização ambiental (Lei nº 12.651/2012);AT;0,0781
SP-3541406-87144E51ABA64DF39CC2EB44966D46DB;SP;Presidente Prudente;Área de Servidão Administrativa Total;Analisado, aguardando atendimento a notificação;AT;0,1615
SP-3541406-87C70B8ED82E45349CE1226B8D327430;SP;Presidente Prudente;Área de Servidão Administrativa Total;Aguardando análise, após revisão ou atendimento da notificação;AT;0,0457
SP-3541406-89A4E8141BFD40CB9838E9AF6B1C1A5A;SP;Presidente Prudente;Área de Servidão Administrativa Total;Aguardando análise, após revisão ou atendimento da notificação;AT;0,0332
SP-3541406-8A0BC67A57E14B11BAB004E755B1825E;SP;Presidente Prudente;Área de Servidão Administrativa Total;Analisado, em conformidade com a Lei nº 12.651/2012;AT;0,0176
SP-3541406-8A6DE4942DEE4839978C094D047CACBD;SP;Presidente Prudente;Área de Servidão Administrativa Total;Analisado, aguardando atendimento a notificação;AT;0,1443
SP-3541406-8A8821B09FE4465BA93E3A3BFB7E991D;SP;Presidente Prudente;Área de Servidão Administrativa Total;Analisado, aguardando atendimento a notificação;AT;0,0439
SP-3541406-8C743000C67341608BC672DF892572AC;SP;Presidente Prudente;Área de Servidão Administrativa Total;Analisado, em conformidade com a Lei nº 12.651/2012, com ativos ambientais;AT;0,1355
SP-3541406-8CAF6D5825134DD7A0F7B372F9EED2BA;SP;Presidente Prudente;Área de Servidão Administrativa Total;Aguardando análise;AT;0,4735
SP-3541406-8CAF6D5825134DD7A0F7B372F9EED2BA;SP;Presidente Prudente;Área de Servidão Administrativa Total;Aguardando análise;AT;0,0755
SP-3541406-8D374D092D184CC4836A3BF2F782C0F0;SP;Presidente Prudente;Área de Servidão Administrativa Total;Analisado, aguardando regularização ambiental (Lei nº 12.651/2012);AT;0,2697
SP-3541406-8D9453C2DD3A4513A8DC76AEE440F896;SP;Presidente Prudente;Área de Servidão Administrativa Total;Analisado, em conformidade com a Lei nº 12.651/2012, com ativos ambientais;AT;0,0736
SP-3541406-8D9453C2DD3A4513A8DC76AEE440F896;SP;Presidente Prudente;Área de Servidão Administrativa Total;Analisado, em conformidade com a Lei nº 12.651/2012, com ativos ambientais;AT;0,1382
SP-3541406-8EFDB33A7B7343DF94C5AD7DA27252FC;SP;Presidente Prudente;Área de Servidão Administrativa Total;Aguardando análise;AT;0,0699
SP-3541406-8F2DF17E66A643508EC0634334AF68B3;SP;Presidente Prudente;Área de Servidão Administrativa Total;Aguardando análise;AT;0,1805
SP-3541406-91F398DCDB5B4EF9B72CE9CD44F929B8;SP;Presidente Prudente;Área de Servidão Administrativa Total;Aguardando análise, após revisão ou atendimento da notificação;AT;0,0005
SP-3541406-91F398DCDB5B4EF9B72CE9CD44F929B8;SP;Presidente Prudente;Área de Servidão Administrativa Total;Aguardando análise, após revisão ou atendimento da notificação;AT;0,4506
SP-3541406-951B792EADCF4345ACF4C9BA89471223;SP;Presidente Prudente;Área de Servidão Administrativa Total;Aguardando análise, após revisão ou atendimento da notificação;AT;0,0876
SP-3541406-953C16B5806146839FD38BCEBA651962;SP;Presidente Prudente;Área de Servidão Administrativa Total;Aguardando análise;AT;1,0683
SP-3541406-95F1B5AD5F5448FFA801A140E6922013;SP;Presidente Prudente;Área de Servidão Administrativa Total;Analisado, em conformidade com a Lei nº 12.651/2012, com ativos ambientais;AT;0,0383
SP-3541406-984A58FD3B2244099A150F987D7D1F4C;SP;Presidente Prudente;Área de Servidão Administrativa Total;Aguardando análise, após revisão ou atendimento da notificação;AT;0,0307
SP-3541406-9AA2FEAA3AE246969B4E81F781779CAC;SP;Presidente Prudente;Área de Servidão Administrativa Total;Aguardando análise, após revisão ou atendimento da notificação;AT;0,0646
SP-3541406-9ADCC84CFADE451781C056328954CE8B;SP;Presidente Prudente;Área de Servidão Administrativa Total;Analisado, em conformidade com a Lei nº 12.651/2012, com ativos ambientais;AT;0,0828
SP-3541406-9ADCC84CFADE451781C056328954CE8B;SP;Presidente Prudente;Área de Servidão Administrativa Total;Analisado, em conformidade com a Lei nº 12.651/2012, com ativos ambientais;AT;0,9338
SP-3541406-9B322DB210E640D5A96644642654AEC0;SP;Presidente Prudente;Área de Servidão Administrativa Total;Aguardando análise, após revisão ou atendimento da notificação;AT;0,0704
SP-3541406-9CF8B76BED4340F497C91F1A13D28D6F;SP;Presidente Prudente;Área de Servidão Administrativa Total;Aguardando análise;AT;3,0636
SP-3541406-9E1B2D5AFEFD4718ADB3CC3EE1493D87;SP;Presidente Prudente;Área de Servidão Administrativa Total;Aguardando análise;AT;0,3267
SP-3541406-9EECF12A8D894DE1AEC43A0EDF0BEF55;SP;Presidente Prudente;Área de Servidão Administrativa Total;Aguardando análise, após revisão ou atendimento da notificação;AT;0,2470
SP-3541406-9F858001CF28475B8FFAD6FC31E51042;SP;Presidente Prudente;Área de Servidão Administrativa Total;Aguardando análise;PE;0,0679
SP-3541406-9F8C877D2DF34415B4753ECEEA012486;SP;Presidente Prudente;Área de Servidão Administrativa Total;Analisado, aguardando atendimento a notificação;AT;0,0759
SP-3541406-9FEDE133D63F43EEAA4B0D0D9FE07619;SP;Presidente Prudente;Área de Servidão Administrativa Total;Aguardando análise, após revisão ou atendimento da notificação;AT;24,9266
SP-3541406-9FEDE133D63F43EEAA4B0D0D9FE07619;SP;Presidente Prudente;Área de Servidão Administrativa Total;Aguardando análise, após revisão ou atendimento da notificação;AT;1,7853
SP-3541406-A11E03B130744728835D117A2E1D485C;SP;Presidente Prudente;Área de Servidão Administrativa Total;Aguardando análise;AT;1,4703
SP-3541406-A35B5F5DBDE048E5BD2067898F2CDA14;SP;Presidente Prudente;Área de Servidão Administrativa Total;Analisado, aguardando atendimento a notificação;AT;0,4373
SP-3541406-A69E58DB1FE84512868FFFD5B4500A5F;SP;Presidente Prudente;Área de Servidão Administrativa Total;Analisado, aguardando atendimento a notificação;AT;0,0500
SP-3541406-A706249A1CEA433993E66DE97D27B2FF;SP;Presidente Prudente;Área de Servidão Administrativa Total;Analisado, aguardando regularização ambiental (Lei nº 12.651/2012);AT;0,1836
SP-3541406-A77EC7F9689C45F9BEF69B09CADB5555;SP;Presidente Prudente;Área de Servidão Administrativa Total;Aguardando análise;AT;0,3117
SP-3541406-A8352595F50A439BB100CBC440D110DC;SP;Presidente Prudente;Área de Servidão Administrativa Total;Analisado, aguardando atendimento a notificação;AT;0,3493
SP-3541406-A84E9A16CDF14A948918ED35C1E7FFB0;SP;Presidente Prudente;Área de Servidão Administrativa Total;Analisado, em conformidade com a Lei nº 12.651/2012, com ativos ambientais;AT;0,0823
SP-3541406-A8B1166FA0D24AE7961D7B43C60EDCAA;SP;Presidente Prudente;Área de Servidão Administrativa Total;Analisado, aguardando regularização ambiental (Lei nº 12.651/2012);AT;0,1633
SP-3541406-A8C1EAD4E3314CE4BEA1C5D60BE78F49;SP;Presidente Prudente;Área de Servidão Administrativa Total;Analisado, em conformidade com a Lei nº 12.651/2012, com ativos ambientais;AT;3,1776
SP-3541406-A945ED2FCD054AC99F8B8B82FB074048;SP;Presidente Prudente;Área de Servidão Administrativa Total;Aguardando análise, após revisão ou atendimento da notificação;AT;0,0960
SP-3541406-AA093B9158C344D6AB0ED741B7DEF51E;SP;Presidente Prudente;Área de Servidão Administrativa Total;Analisado, em conformidade com a Lei nº 12.651/2012;AT;0,2382
SP-3541406-AA83CD64A9CD4D07A659F0221E91E898;SP;Presidente Prudente;Área de Servidão Administrativa Total;Analisado, em conformidade com a Lei nº 12.651/2012, com ativos ambientais;AT;0,1991
SP-3541406-AA83CD64A9CD4D07A659F0221E91E898;SP;Presidente Prudente;Área de Servidão Administrativa Total;Analisado, em conformidade com a Lei nº 12.651/2012, com ativos ambientais;AT;0,3216
SP-3541406-AAB7221A49DF43019710802DA697CF71;SP;Presidente Prudente;Área de Servidão Administrativa Total;Analisado, aguardando atendimento a notificação;AT;0,1502
SP-3541406-AB3C5DDBC10B4585850DD69DAD6B0852;SP;Presidente Prudente;Área de Servidão Administrativa Total;Analisado, aguardando regularização ambiental (Lei nº 12.651/2012);AT;1,1389
SP-3541406-AD5E9AB13A7F4FD8852E99A870A14DEB;SP;Presidente Prudente;Área de Servidão Administrativa Total;Analisado, aguardando regularização ambiental (Lei nº 12.651/2012);AT;0,2916
SP-3541406-AE3C9E30A2B54159A6D37E460A8452C9;SP;Presidente Prudente;Área de Servidão Administrativa Total;Aguardando análise, após revisão ou atendimento da notificação;AT;0,0468
SP-3541406-AE8F26F5E5D04ABD999D783957FB4D38;SP;Presidente Prudente;Área de Servidão Administrativa Total;Aguardando análise, após revisão ou atendimento da notificação;AT;2,1028
SP-3541406-AEC3772F64304289AA304B80FC19C0DE;SP;Presidente Prudente;Área de Servidão Administrativa Total;Analisado, em conformidade com a Lei nº 12.651/2012;AT;0,1072
SP-3541406-B04C4E67496A480D9ED07EFE87DEB81D;SP;Presidente Prudente;Área de Servidão Administrativa Total;Aguardando análise;AT;0,0983
SP-3541406-B0B11763910C4B179CC39EF5BA8C3983;SP;Presidente Prudente;Área de Servidão Administrativa Total;Analisado, aguardando regularização ambiental (Lei nº 12.651/2012);AT;0,5321
SP-3541406-B250560536704090A361CEC86FF5479F;SP;Presidente Prudente;Área de Servidão Administrativa Total;Analisado, aguardando regularização ambiental (Lei nº 12.651/2012);AT;0,0474
SP-3541406-B73027C46CDE4091AAD99FECC46AA9ED;SP;Presidente Prudente;Área de Servidão Administrativa Total;Analisado, em conformidade com a Lei nº 12.651/2012, com ativos ambientais;AT;0,3164
SP-3541406-B7D15FA9262B4B3A9A08DBA20ADD6204;SP;Presidente Prudente;Área de Servidão Administrativa Total;Aguardando análise, após revisão ou atendimento da notificação;AT;3,9098
SP-3541406-B7D15FA9262B4B3A9A08DBA20ADD6204;SP;Presidente Prudente;Área de Servidão Administrativa Total;Aguardando análise, após revisão ou atendimento da notificação;AT;1,7607
SP-3541406-B8379D1FB38045FEB801C0F2DACA6C1C;SP;Presidente Prudente;Área de Servidão Administrativa Total;Analisado, em conformidade com a Lei nº 12.651/2012;AT;0,0924
SP-3541406-B858993C3B844344B8C4908CA47D7CEB;SP;Presidente Prudente;Área de Servidão Administrativa Total;Aguardando análise, após revisão ou atendimento da notificação;AT;0,2012
SP-3541406-B8E0A51BA9274F3C8D83C67870DC0CED;SP;Presidente Prudente;Área de Servidão Administrativa Total;Analisado, aguardando regularização ambiental (Lei nº 12.651/2012);AT;0,5426
SP-3541406-B9B169EF265A488C91A38D2CD6FBC214;SP;Presidente Prudente;Área de Servidão Administrativa Total;Analisado, aguardando atendimento a notificação;AT;0,5280
SP-3541406-B9C08B433DAD4206AE3800F401CB047E;SP;Presidente Prudente;Área de Servidão Administrativa Total;Analisado, em conformidade com a Lei nº 12.651/2012;AT;0,0488
SP-3541406-B9EB1E5A702B40D6B648A16AB4C1B88F;SP;Presidente Prudente;Área de Servidão Administrativa Total;Aguardando análise;AT;0,2664
SP-3541406-BACEE5703D594E5486B6678A92038D91;SP;Presidente Prudente;Área de Servidão Administrativa Total;Analisado, aguardando atendimento a notificação;AT;0,2622
SP-3541406-BB763D6A581A45AF8C993D923AD6756F;SP;Presidente Prudente;Área de Servidão Administrativa Total;Analisado, aguardando regularização ambiental (Lei nº 12.651/2012);AT;0,2377
SP-3541406-BBF718B51DC648D3A54B9613F7E4C9B3;SP;Presidente Prudente;Área de Servidão Administrativa Total;Aguardando análise, após revisão ou atendimento da notificação;AT;0,0619
SP-3541406-BCC42B41156842CDA27B71E2B48EE1E9;SP;Presidente Prudente;Área de Servidão Administrativa Total;Analisado, em conformidade com a Lei nº 12.651/2012;AT;0,2039
SP-3541406-BD25310C0D9F40ACA91F20A996E8AE31;SP;Presidente Prudente;Área de Servidão Administrativa Total;Analisado, em conformidade com a Lei nº 12.651/2012, com ativos ambientais;AT;0,1001
SP-3541406-BF1914EA3B314A74B16BC871977A3EF9;SP;Presidente Prudente;Área de Servidão Administrativa Total;Aguardando análise, após revisão ou atendimento da notificação;AT;0,0673
SP-3541406-C027EBBD489049E18D2A23ECC102EDC9;SP;Presidente Prudente;Área de Servidão Administrativa Total;Aguardando análise;AT;0,1510
SP-3541406-C032753591F14FE4818E56F58DE47DD3;SP;Presidente Prudente;Área de Servidão Administrativa Total;Aguardando análise, após revisão ou atendimento da notificação;AT;0,0440
SP-3541406-C032753591F14FE4818E56F58DE47DD3;SP;Presidente Prudente;Área de Servidão Administrativa Total;Aguardando análise, após revisão ou atendimento da notificação;AT;0,1750
SP-3541406-C03B3323478B4BE59934658DA9941954;SP;Presidente Prudente;Área de Servidão Administrativa Total;Aguardando análise;AT;0,0396
SP-3541406-C05709F3255B4EA1BA81FF21BD6802F7;SP;Presidente Prudente;Área de Servidão Administrativa Total;Aguardando análise, após revisão ou atendimento da notificação;AT;0,0731
SP-3541406-C05709F3255B4EA1BA81FF21BD6802F7;SP;Presidente Prudente;Área de Servidão Administrativa Total;Aguardando análise, após revisão ou atendimento da notificação;AT;0,2124
SP-3541406-C0828FD31A6E49C3B7D8422283282587;SP;Presidente Prudente;Área de Servidão Administrativa Total;Analisado, aguardando atendimento a notificação;AT;0,0026
SP-3541406-C0828FD31A6E49C3B7D8422283282587;SP;Presidente Prudente;Área de Servidão Administrativa Total;Analisado, aguardando atendimento a notificação;AT;0,0050
SP-3541406-C0828FD31A6E49C3B7D8422283282587;SP;Presidente Prudente;Área de Servidão Administrativa Total;Analisado, aguardando atendimento a notificação;AT;0,0045
SP-3541406-C0828FD31A6E49C3B7D8422283282587;SP;Presidente Prudente;Área de Servidão Administrativa Total;Analisado, aguardando atendimento a notificação;AT;0,0014
SP-3541406-C0828FD31A6E49C3B7D8422283282587;SP;Presidente Prudente;Área de Servidão Administrativa Total;Analisado, aguardando atendimento a notificação;AT;0,0019
SP-3541406-C0828FD31A6E49C3B7D8422283282587;SP;Presidente Prudente;Área de Servidão Administrativa Total;Analisado, aguardando atendimento a notificação;AT;0,0036
SP-3541406-C0828FD31A6E49C3B7D8422283282587;SP;Presidente Prudente;Área de Servidão Administrativa Total;Analisado, aguardando atendimento a notificação;AT;0,0091
SP-3541406-C0828FD31A6E49C3B7D8422283282587;SP;Presidente Prudente;Área de Servidão Administrativa Total;Analisado, aguardando atendimento a notificação;AT;0,6496
SP-3541406-C3C904DCEAED4B479715170CBB8C595F;SP;Presidente Prudente;Área de Servidão Administrativa Total;Aguardando análise;AT;0,3164
SP-3541406-C3D0BD93DDA24D88A6139F408C529975;SP;Presidente Prudente;Área de Servidão Administrativa Total;Analisado, aguardando atendimento a notificação;AT;0,0576
SP-3541406-C40823AD226148C6A97F9722E3307E50;SP;Presidente Prudente;Área de Servidão Administrativa Total;Aguardando análise;AT;1,8147
SP-3541406-C4CA6FB3B6BD4A8C9E700EDF52A6C78B;SP;Presidente Prudente;Área de Servidão Administrativa Total;Analisado, aguardando regularização ambiental (Lei nº 12.651/2012);AT;0,0123
SP-3541406-C538B2BCD1E94326866A046D297BD802;SP;Presidente Prudente;Área de Servidão Administrativa Total;Analisado, aguardando regularização ambiental (Lei nº 12.651/2012);AT;0,0354
SP-3541406-C5811853C42842DCAE279DE6AED272B1;SP;Presidente Prudente;Área de Servidão Administrativa Total;Analisado, em conformidade com a Lei nº 12.651/2012, com ativos ambientais;AT;0,1321
SP-3541406-C5DB28C583FE4715BBA50DCE864AEDBA;SP;Presidente Prudente;Área de Servidão Administrativa Total;Analisado, aguardando atendimento a notificação;AT;2,4612
SP-3541406-C70AEC0C9D3E44BEAF6DFE230BFFC29C;SP;Presidente Prudente;Área de Servidão Administrativa Total;Analisado, em conformidade com a Lei nº 12.651/2012, com ativos ambientais;AT;0,0442
SP-3541406-C774F46FEAAD4F11948E955908DA1B26;SP;Presidente Prudente;Área de Servidão Administrativa Total;Analisado, aguardando regularização ambiental (Lei nº 12.651/2012);AT;0,0718
SP-3541406-C8B6578B5EF546B38461357A4C461B58;SP;Presidente Prudente;Área de Servidão Administrativa Total;Analisado, aguardando atendimento a notificação;AT;0,0941
SP-3541406-C9D233E090654B7597DE550B67512A2E;SP;Presidente Prudente;Área de Servidão Administrativa Total;Aguardando análise, após revisão ou atendimento da notificação;AT;0,1436
SP-3541406-C9DFA379269A4951A8202E2F4807BCCD;SP;Presidente Prudente;Área de Servidão Administrativa Total;Analisado, aguardando atendimento a notificação;AT;0,1675
SP-3541406-CA11BAD16FFC44D0ABA7B0C76382AA17;SP;Presidente Prudente;Área de Servidão Administrativa Total;Aguardando análise;AT;0,1427
SP-3541406-CBCC1DBF6D7E4B59806B71B1DC8F28BC;SP;Presidente Prudente;Área de Servidão Administrativa Total;Analisado, em conformidade com a Lei nº 12.651/2012, com ativos ambientais;AT;0,0466
SP-3541406-CC618416AA4644B895FC05C9CCE08EA6;SP;Presidente Prudente;Área de Servidão Administrativa Total;Analisado, em conformidade com a Lei nº 12.651/2012;AT;0,1218
SP-3541406-CD18F0A71D01481AB6EC59335F955B7D;SP;Presidente Prudente;Área de Servidão Administrativa Total;Em análise;AT;0,0099
SP-3541406-CD18F0A71D01481AB6EC59335F955B7D;SP;Presidente Prudente;Área de Servidão Administrativa Total;Em análise;AT;1,8101
SP-3541406-CD18F0A71D01481AB6EC59335F955B7D;SP;Presidente Prudente;Área de Servidão Administrativa Total;Em análise;AT;0,2274
SP-3541406-CDF9FB0B2D314680ACDCFDF424291F93;SP;Presidente Prudente;Área de Servidão Administrativa Total;Aguardando análise;AT;1,9038
SP-3541406-CE859E67D2E74B83B927EA4387CCB1F7;SP;Presidente Prudente;Área de Servidão Administrativa Total;Analisado, em conformidade com a Lei nº 12.651/2012, com ativos ambientais;AT;0,6286
SP-3541406-D3ADA3A0B9AD445A8124C61501A85CC8;SP;Presidente Prudente;Área de Servidão Administrativa Total;Aguardando análise, após revisão ou atendimento da notificação;AT;0,3116
SP-3541406-D3ADA3A0B9AD445A8124C61501A85CC8;SP;Presidente Prudente;Área de Servidão Administrativa Total;Aguardando análise, após revisão ou atendimento da notificação;AT;0,0634
SP-3541406-D43027C4CC11477F9D0E53C4BFFBAE8A;SP;Presidente Prudente;Área de Servidão Administrativa Total;Analisado, em conformidade com a Lei nº 12.651/2012;AT;0,2317
SP-3541406-D50FE52E309C4651A1D192B523C2BE71;SP;Presidente Prudente;Área de Servidão Administrativa Total;Analisado, em conformidade com a Lei nº 12.651/2012, com ativos ambientais;AT;0,0607
SP-3541406-D55BEBCC10984969A8B0C9A4D609ADF0;SP;Presidente Prudente;Área de Servidão Administrativa Total;Analisado, aguardando atendimento a notificação;AT;0,2069
SP-3541406-D600575D70F74DBCA776C80B822A4DC7;SP;Presidente Prudente;Área de Servidão Administrativa Total;Aguardando análise;AT;0,5977
SP-3541406-D67975E3F0E44F07AFB4FD887AC4749C;SP;Presidente Prudente;Área de Servidão Administrativa Total;Aguardando análise, após revisão ou atendimento da notificação;AT;0,0460
SP-3541406-D6A15A0465194FBA86387201D25CCCF0;SP;Presidente Prudente;Área de Servidão Administrativa Total;Analisado, em conformidade com a Lei nº 12.651/2012;AT;0,4054
SP-3541406-D95C784993274C2BB222D144046D2260;SP;Presidente Prudente;Área de Servidão Administrativa Total;Analisado, aguardando regularização ambiental (Lei nº 12.651/2012);AT;0,1067
SP-3541406-D9C23338E727430EBDEFF577E6AFA589;SP;Presidente Prudente;Área de Servidão Administrativa Total;Analisado, aguardando atendimento a notificação;AT;0,0107
SP-3541406-DC9CC7FAF41948849EA8BF3A9809E59C;SP;Presidente Prudente;Área de Servidão Administrativa Total;Aguardando análise, após revisão ou atendimento da notificação;AT;1,2185
SP-3541406-DD678BE3F8EE47EA8223C3E9886E90ED;SP;Presidente Prudente;Área de Servidão Administrativa Total;Aguardando análise;AT;0,2127
SP-3541406-DD678BE3F8EE47EA8223C3E9886E90ED;SP;Presidente Prudente;Área de Servidão Administrativa Total;Aguardando análise;AT;0,5968
SP-3541406-DD678BE3F8EE47EA8223C3E9886E90ED;SP;Presidente Prudente;Área de Servidão Administrativa Total;Aguardando análise;AT;0,1355
SP-3541406-DD678BE3F8EE47EA8223C3E9886E90ED;SP;Presidente Prudente;Área de Servidão Administrativa Total;Aguardando análise;AT;0,0923
SP-3541406-DE350A7F339C48E78FA4AC0E851B0643;SP;Presidente Prudente;Área de Servidão Administrativa Total;Analisado, em conformidade com a Lei nº 12.651/2012, com ativos ambientais;AT;0,0215
SP-3541406-DF0C4872EB6742979814DF37ECE86AD9;SP;Presidente Prudente;Área de Servidão Administrativa Total;Analisado, aguardando regularização ambiental (Lei nº 12.651/2012);AT;0,0513
SP-3541406-E35331A1CDED4ED190A32CD2D2BF2E0E;SP;Presidente Prudente;Área de Servidão Administrativa Total;Aguardando análise, após revisão ou atendimento da notificação;AT;0,3549
SP-3541406-E3E083FF8B33466491DCF6B0F1036E9F;SP;Presidente Prudente;Área de Servidão Administrativa Total;Analisado, aguardando atendimento a notificação;AT;0,1418
SP-3541406-E42131004F1F435FA94795B72AA865CB;SP;Presidente Prudente;Área de Servidão Administrativa Total;Aguardando análise;AT;0,1116
SP-3541406-E54B077F7AD849A99EB5B1DCB3C5222E;SP;Presidente Prudente;Área de Servidão Administrativa Total;Analisado, em conformidade com a Lei nº 12.651/2012, com ativos ambientais;AT;0,0818
SP-3541406-E6325F7B6C184775945D58A7573999B5;SP;Presidente Prudente;Área de Servidão Administrativa Total;Aguardando análise;AT;0,0440
SP-3541406-E6325F7B6C184775945D58A7573999B5;SP;Presidente Prudente;Área de Servidão Administrativa Total;Aguardando análise;AT;0,0573
SP-3541406-E693B0BE1A3346698D9DE4A24F341530;SP;Presidente Prudente;Área de Servidão Administrativa Total;Analisado, em conformidade com a Lei nº 12.651/2012, com ativos ambientais;AT;0,1800
SP-3541406-E693B0BE1A3346698D9DE4A24F341530;SP;Presidente Prudente;Área de Servidão Administrativa Total;Analisado, em conformidade com a Lei nº 12.651/2012, com ativos ambientais;AT;0,0531
SP-3541406-E693B0BE1A3346698D9DE4A24F341530;SP;Presidente Prudente;Área de Servidão Administrativa Total;Analisado, em conformidade com a Lei nº 12.651/2012, com ativos ambientais;AT;0,1540
SP-3541406-E693B0BE1A3346698D9DE4A24F341530;SP;Presidente Prudente;Área de Servidão Administrativa Total;Analisado, em conformidade com a Lei nº 12.651/2012, com ativos ambientais;AT;0,1687
SP-3541406-E6E8CB8248B247ADBAB921F6C1F071E9;SP;Presidente Prudente;Área de Servidão Administrativa Total;Aguardando análise, após revisão ou atendimento da notificação;AT;0,0565
SP-3541406-E7174187301E456BA02737B5235D731C;SP;Presidente Prudente;Área de Servidão Administrativa Total;Aguardando análise;AT;0,2487
SP-3541406-EB49999CF31844D0BCF7C5DFF3964BD0;SP;Presidente Prudente;Área de Servidão Administrativa Total;Analisado, aguardando regularização ambiental (Lei nº 12.651/2012);AT;0,1137
SP-3541406-EC423F00A67046C0B8D3577EC6448393;SP;Presidente Prudente;Área de Servidão Administrativa Total;Aguardando análise;AT;0,1790
SP-3541406-EE1736763B384428B103589F2A7C677B;SP;Presidente Prudente;Área de Servidão Administrativa Total;Analisado, aguardando regularização ambiental (Lei nº 12.651/2012);AT;0,0378
SP-3541406-EEBA4CC0828C43A594B5F55A0C633D51;SP;Presidente Prudente;Área de Servidão Administrativa Total;Aguardando análise;AT;0,7907
SP-3541406-EEBA4CC0828C43A594B5F55A0C633D51;SP;Presidente Prudente;Área de Servidão Administrativa Total;Aguardando análise;AT;0,8227
SP-3541406-EF7DC5BC16564FB687DC1DE3AE2168D7;SP;Presidente Prudente;Área de Servidão Administrativa Total;Analisado, aguardando atendimento a notificação;AT;0,0921
SP-3541406-EF7DC5BC16564FB687DC1DE3AE2168D7;SP;Presidente Prudente;Área de Servidão Administrativa Total;Analisado, aguardando atendimento a notificação;AT;0,8122
SP-3541406-EF7DC5BC16564FB687DC1DE3AE2168D7;SP;Presidente Prudente;Área de Servidão Administrativa Total;Analisado, aguardando atendimento a notificação;AT;0,5158
SP-3541406-EF9C1ADCB1D047F5BFB61BEF42F75F55;SP;Presidente Prudente;Área de Servidão Administrativa Total;Analisado, em conformidade com a Lei nº 12.651/2012, com ativos ambientais;AT;0,1488
SP-3541406-F03A6A7954264653BE2A90B57A795204;SP;Presidente Prudente;Área de Servidão Administrativa Total;Analisado, aguardando regularização ambiental (Lei nº 12.651/2012);AT;0,5184
SP-3541406-F0550A1BD9BA48899E1013B2E0BBE82B;SP;Presidente Prudente;Área de Servidão Administrativa Total;Analisado, em conformidade com a Lei nº 12.651/2012, com ativos ambientais;AT;0,0517
SP-3541406-F0E4214DDD4A495094646B412BF8B3D1;SP;Presidente Prudente;Área de Servidão Administrativa Total;Analisado, em conformidade com a Lei nº 12.651/2012, com ativos ambientais;AT;0,2440
SP-3541406-F202122D0736406C887F0B9CDA8A4D5C;SP;Presidente Prudente;Área de Servidão Administrativa Total;Aguardando análise;AT;0,1979
SP-3541406-F30CDA6680064B8A9AEB7F7E270C0B92;SP;Presidente Prudente;Área de Servidão Administrativa Total;Aguardando análise, após revisão ou atendimento da notificação;AT;1,9387
SP-3541406-F30CDA6680064B8A9AEB7F7E270C0B92;SP;Presidente Prudente;Área de Servidão Administrativa Total;Aguardando análise, após revisão ou atendimento da notificação;AT;0,2649
SP-3541406-F3DE599745624F0CB9677410D1B2E939;SP;Presidente Prudente;Área de Servidão Administrativa Total;Aguardando análise;AT;0,3986
SP-3541406-F43C01B21AF64102B1DD1F8C0848C17C;SP;Presidente Prudente;Área de Servidão Administrativa Total;Aguardando análise;AT;0,1527
SP-3541406-F44B133D703742A3A4B7A6D6E73E7044;SP;Presidente Prudente;Área de Servidão Administrativa Total;Aguardando análise;AT;0,1273
SP-3541406-F4CAA1670D2C472AAEC3A1D2C81EC6FE;SP;Presidente Prudente;Área de Servidão Administrativa Total;Analisado, em conformidade com a Lei nº 12.651/2012;AT;0,1387
SP-3541406-F55B3F27F4B04EEE88230C1FCF2A1074;SP;Presidente Prudente;Área de Servidão Administrativa Total;Analisado, em conformidade com a Lei nº 12.651/2012, com ativos ambientais;AT;0,0518
SP-3541406-F57B58516CE94C43810D0FA879EE0D23;SP;Presidente Prudente;Área de Servidão Administrativa Total;Analisado, aguardando regularização ambiental (Lei nº 12.651/2012);AT;0,1317
SP-3541406-F58E5721AEDF42DF8FA53E1986712201;SP;Presidente Prudente;Área de Servidão Administrativa Total;Analisado, em conformidade com a Lei nº 12.651/2012;AT;0,0335
SP-3541406-F5BEB7C1563648F5A74DA91392069E6B;SP;Presidente Prudente;Área de Servidão Administrativa Total;Aguardando análise, após revisão ou atendimento da notificação;AT;0,6627
SP-3541406-F5F6C7B78A374D4BB20111AE151189DC;SP;Presidente Prudente;Área de Servidão Administrativa Total;Aguardando análise, após revisão ou atendimento da notificação;AT;0,0806
SP-3541406-F6813D71D4334FA58FD81028E671F3A9;SP;Presidente Prudente;Área de Servidão Administrativa Total;Analisado, aguardando regularização ambiental (Lei nº 12.651/2012);AT;0,2613
SP-3541406-F688844631EC418F89F087304D69D2E0;SP;Presidente Prudente;Área de Servidão Administrativa Total;Aguardando análise;AT;0,2804
SP-3541406-F73D58CAAB4C4BFE98BC5150BCE3CFC1;SP;Presidente Prudente;Área de Servidão Administrativa Total;Analisado, aguardando atendimento a notificação;AT;0,0400
SP-3541406-F781B58056A64E4B9D01EB569898CE27;SP;Presidente Prudente;Área de Servidão Administrativa Total;Analisado, aguardando regularização ambiental (Lei nº 12.651/2012);AT;0,6471
SP-3541406-F781B58056A64E4B9D01EB569898CE27;SP;Presidente Prudente;Área de Servidão Administrativa Total;Analisado, aguardando regularização ambiental (Lei nº 12.651/2012);AT;0,7608
SP-3541406-F7F9549ECAFF4CE7B40DABB0D6A83191;SP;Presidente Prudente;Área de Servidão Administrativa Total;Analisado, em conformidade com a Lei nº 12.651/2012, com ativos ambientais;AT;0,5875
SP-3541406-F7F9549ECAFF4CE7B40DABB0D6A83191;SP;Presidente Prudente;Área de Servidão Administrativa Total;Analisado, em conformidade com a Lei nº 12.651/2012, com ativos ambientais;AT;0,4003
SP-3541406-F82056B54BEB49C0851E214C25C858ED;SP;Presidente Prudente;Área de Servidão Administrativa Total;Analisado, em conformidade com a Lei nº 12.651/2012, com ativos ambientais;AT;0,1278
SP-3541406-F87EF0F57BD242D7A232066ED95754C0;SP;Presidente Prudente;Área de Servidão Administrativa Total;Analisado, aguardando atendimento a notificação;AT;9,2712
SP-3541406-F87EF0F57BD242D7A232066ED95754C0;SP;Presidente Prudente;Área de Servidão Administrativa Total;Analisado, aguardando atendimento a notificação;AT;2,1668
SP-3541406-F884C19473954FFD922FAE05B9EE1765;SP;Presidente Prudente;Área de Servidão Administrativa Total;Analisado, aguardando atendimento a notificação;AT;0,1328
SP-3541406-F94F304524714C9BBC4487704FE0017F;SP;Presidente Prudente;Área de Servidão Administrativa Total;Analisado, em conformidade com a Lei nº 12.651/2012;AT;0,0617
SP-3541406-F9D2653621FF4C91AA90B6CE65B2F086;SP;Presidente Prudente;Área de Servidão Administrativa Total;Aguardando análise, após revisão ou atendimento da notificação;AT;0,0449
SP-3541406-FACB09326C0A44A28DEC01CB8D440EEC;SP;Presidente Prudente;Área de Servidão Administrativa Total;Aguardando análise, após revisão ou atendimento da notificação;AT;0,0824
SP-3541406-FB1CA611C8424EFDB0F5AA82455080EA;SP;Presidente Prudente;Área de Servidão Administrativa Total;Analisado, aguardando atendimento a notificação;AT;0,3172
SP-3541406-FBD8352B8B2646F8B8E6F94CBB2D8DC1;SP;Presidente Prudente;Área de Servidão Administrativa Total;Analisado, aguardando regularização ambiental (Lei nº 12.651/2012);AT;0,2442
SP-3541406-FD847D09BF4B40FB8D45755CE4C67DBD;SP;Presidente Prudente;Área de Servidão Administrativa Total;Aguardando análise;AT;0,2261
SP-3541406-FF9308A2CF5E4E3880E728F860F3618D;SP;Presidente Prudente;Área de Servidão Administrativa Total;Aguardando análise;AT;0,1850
SP-3541406-2FBB0CDC7E2F4A57BBF30A731EA46766;SP;Presidente Prudente;Área de Infraestrutura Pública;Aguardando análise, após revisão ou atendimento da notificação;AT;0,0771
SP-3541406-389D02A07315489885BF06C888626F86;SP;Presidente Prudente;Área de Infraestrutura Pública;Aguardando análise;AT;1,2717
SP-3541406-4F2DA9D3BE274296B2AEBC916C381741;SP;Presidente Prudente;Área de Infraestrutura Pública;Aguardando análise;AT;1,4899
SP-3541406-5CC75E32D7094874B6A1C1259671C7C3;SP;Presidente Prudente;Área de Infraestrutura Pública;Aguardando análise;AT;0,4236
SP-3541406-734112BB3F154305BC5546EEEABD8E90;SP;Presidente Prudente;Área de Infraestrutura Pública;Aguardando análise;PE;0,3967
SP-3541406-9225FD0E21F4498D8C5126AC1D5E9D20;SP;Presidente Prudente;Área de Infraestrutura Pública;Aguardando análise;AT;1,5265
SP-3541406-E0A8C6C8E5084376BDAEF0E0E8066FE3;SP;Presidente Prudente;Área de Infraestrutura Pública;Analisado, aguardando atendimento a notificação;AT;8,1027
SP-3541406-EADDD650336A425C98A20EEC72B145B6;SP;Presidente Prudente;Área de Infraestrutura Pública;Analisado, aguardando regularização ambiental (Lei nº 12.651/2012);AT;0,6129
SP-3541406-182D1B1A63F5472B8C8B77CEFF024F35;SP;Presidente Prudente;Área de Utilidade Pública;Aguardando análise;AT;0,0031
SP-3541406-3447DBC63F984DD3B1F4F01676BE8669;SP;Presidente Prudente;Área de Utilidade Pública;Aguardando análise, após revisão ou atendimento da notificação;AT;0,0410
SP-3541406-4C120ED1A1FF49548BF463E47D0572C5;SP;Presidente Prudente;Área de Utilidade Pública;Aguardando análise, após revisão ou atendimento da notificação;AT;3,4681
SP-3541406-4E6D419F5FBB4B1CBF8DEFBD1702C182;SP;Presidente Prudente;Área de Utilidade Pública;Aguardando análise;AT;0,3523
SP-3541406-7E8112EAE7194C53B6BA43A45015D838;SP;Presidente Prudente;Área de Utilidade Pública;Aguardando análise, após revisão ou atendimento da notificação;AT;1,9900
SP-3541406-89F96C1155B2471A9A1EF8AD591E9B8A;SP;Presidente Prudente;Área de Utilidade Pública;Aguardando análise;AT;36,1894
SP-3541406-182D1B1A63F5472B8C8B77CEFF024F35;SP;Presidente Prudente;Área de Servidão Administrativa Total;Aguardando análise;AT;0,0031
SP-3541406-1AA19E140AB84DDDA25B116774D6E561;SP;Presidente Prudente;Área de Servidão Administrativa Total;Analisado, em conformidade com a Lei nº 12.651/2012, com ativos ambientais;AT;0,0871
SP-3541406-294E60107DF94FEA83F7D17AF29A8540;SP;Presidente Prudente;Área de Servidão Administrativa Total;Analisado, aguardando regularização ambiental (Lei nº 12.651/2012);AT;0,5255
SP-3541406-294E60107DF94FEA83F7D17AF29A8540;SP;Presidente Prudente;Área de Servidão Administrativa Total;Analisado, aguardando regularização ambiental (Lei nº 12.651/2012);AT;1,2354
SP-3541406-2FBB0CDC7E2F4A57BBF30A731EA46766;SP;Presidente Prudente;Área de Servidão Administrativa Total;Aguardando análise, após revisão ou atendimento da notificação;AT;0,0774
SP-3541406-3447DBC63F984DD3B1F4F01676BE8669;SP;Presidente Prudente;Área de Servidão Administrativa Total;Aguardando análise, após revisão ou atendimento da notificação;AT;0,0420
SP-3541406-372698C7BEF64ED381B0811E39B11478;SP;Presidente Prudente;Área de Servidão Administrativa Total;Aguardando análise;AT;0,0885
SP-3541406-389D02A07315489885BF06C888626F86;SP;Presidente Prudente;Área de Servidão Administrativa Total;Aguardando análise;AT;1,2717
SP-3541406-4C120ED1A1FF49548BF463E47D0572C5;SP;Presidente Prudente;Área de Servidão Administrativa Total;Aguardando análise, após revisão ou atendimento da notificação;AT;3,4681
SP-3541406-4E6D419F5FBB4B1CBF8DEFBD1702C182;SP;Presidente Prudente;Área de Servidão Administrativa Total;Aguardando análise;AT;0,3523
SP-3541406-4F2DA9D3BE274296B2AEBC916C381741;SP;Presidente Prudente;Área de Servidão Administrativa Total;Aguardando análise;AT;1,4899
SP-3541406-5CC75E32D7094874B6A1C1259671C7C3;SP;Presidente Prudente;Área de Servidão Administrativa Total;Aguardando análise;AT;0,4236
SP-3541406-72DA0ECEB9724A84ADDF9FF5F2E31661;SP;Presidente Prudente;Área de Servidão Administrativa Total;Analisado, em conformidade com a Lei nº 12.651/2012, com ativos ambientais;AT;0,2454
SP-3541406-734112BB3F154305BC5546EEEABD8E90;SP;Presidente Prudente;Área de Servidão Administrativa Total;Aguardando análise;PE;0,3967
SP-3541406-7E8112EAE7194C53B6BA43A45015D838;SP;Presidente Prudente;Área de Servidão Administrativa Total;Aguardando análise, após revisão ou atendimento da notificação;AT;1,9900
SP-3541406-81371C2CE5F94E4AB81F9483970B3F2E;SP;Presidente Prudente;Área de Servidão Administrativa Total;Analisado, em conformidade com a Lei nº 12.651/2012, com ativos ambientais;AT;0,1406
SP-3541406-89F96C1155B2471A9A1EF8AD591E9B8A;SP;Presidente Prudente;Área de Servidão Administrativa Total;Aguardando análise;AT;36,1896
SP-3541406-8BFE4F76CC714FE5A2A61D625FCCD880;SP;Presidente Prudente;Área de Servidão Administrativa Total;Aguardando análise;AT;0,4441
SP-3541406-9225FD0E21F4498D8C5126AC1D5E9D20;SP;Presidente Prudente;Área de Servidão Administrativa Total;Aguardando análise;AT;1,5265
SP-3541406-93523F738CBB4CFC894211E23E63FC2C;SP;Presidente Prudente;Área de Servidão Administrativa Total;Aguardando análise;AT;0,3232
SP-3541406-B73BA5BACFE740A998B9D5A8A9C0CBD4;SP;Presidente Prudente;Área de Servidão Administrativa Total;Aguardando análise;AT;0,0689
SP-3541406-B73BA5BACFE740A998B9D5A8A9C0CBD4;SP;Presidente Prudente;Área de Servidão Administrativa Total;Aguardando análise;AT;0,1465
SP-3541406-C6BAE4DEFB134FF98E9F94DE3C5C6F44;SP;Presidente Prudente;Área de Servidão Administrativa Total;Analisado, aguardando regularização ambiental (Lei nº 12.651/2012);AT;0,1826
SP-3541406-E0A8C6C8E5084376BDAEF0E0E8066FE3;SP;Presidente Prudente;Área de Servidão Administrativa Total;Analisado, aguardando atendimento a notificação;AT;8,1027
SP-3541406-EADDD650336A425C98A20EEC72B145B6;SP;Presidente Prudente;Área de Servidão Administrativa Total;Analisado, aguardando regularização ambiental (Lei nº 12.651/2012);AT;0,6129
SP-3541406-F237282668CC4A298845900759F474BA;SP;Presidente Prudente;Área de Servidão Administrativa Total;Aguardando análise, após revisão ou atendimento da notificação;AT;1,2241
