antecedente;consequente;itens_uniao;suporte_global;confianca_global;lift_global;cobertura_global;sp_contagem;sp_suporte;sp_confianca;sp_lift;sp_cobertura_antecedente;pa_contagem;pa_suporte;pa_confianca;pa_lift;pa_cobertura_antecedente;classificacao
FAIXA_AREA_AREA_CONSOLIDADA=MENOR_4_HA + VEGETACAO_NATIVA=NAO;FAIXA_AREA_IMOVEL=MENOR_4_HA;FAIXA_AREA_AREA_CONSOLIDADA=MENOR_4_HA + FAIXA_AREA_IMOVEL=MENOR_4_HA + VEGETACAO_NATIVA=NAO;0.04285714285714286;0.8772563176895307;10.5159478251578;0.04885361552028219;152;0.0892018779342723;0.7794871794871795;3.4862103775489603;0.11443661971830986;334;0.03466168534661685;0.9303621169916435;15.867202405896418;0.03725612287256123;ESTAVEL_NOS_DOIS_MUNICIPIOS
APP=NAO + FAIXA_AREA_AREA_CONSOLIDADA=MENOR_4_HA;FAIXA_AREA_IMOVEL=MENOR_4_HA;APP=NAO + FAIXA_AREA_AREA_CONSOLIDADA=MENOR_4_HA + FAIXA_AREA_IMOVEL=MENOR_4_HA;0.04664902998236332;0.8125960061443932;9.740844301984588;0.05740740740740741;167;0.09800469483568075;0.912568306010929;4.081407856804785;0.1073943661971831;362;0.037567455375674554;0.7735042735042735;13.192012707056955;0.048567870485678705;ESTAVEL_NOS_DOIS_MUNICIPIOS
FAIXA_AREA_AREA_CONSOLIDADA=MENOR_4_HA + HIDROGRAFIA=NAO;FAIXA_AREA_IMOVEL=MENOR_4_HA;FAIXA_AREA_AREA_CONSOLIDADA=MENOR_4_HA + FAIXA_AREA_IMOVEL=MENOR_4_HA + HIDROGRAFIA=NAO;0.04744268077601411;0.8005952380952381;9.596987315010571;0.05925925925925926;182;0.1068075117370892;0.8708133971291866;3.8946614926722676;0.12265258215962441;356;0.0369447903694479;0.7688984881209503;13.113461648731818;0.04804898298048983;ESTAVEL_NOS_DOIS_MUNICIPIOS
FAIXA_AREA_IMOVEL=MENOR_4_HA;FAIXA_AREA_AREA_CONSOLIDADA=MENOR_4_HA + SERVIDAO_ADMINISTRATIVA=NAO;FAIXA_AREA_AREA_CONSOLIDADA=MENOR_4_HA + FAIXA_AREA_IMOVEL=MENOR_4_HA + SERVIDAO_ADMINISTRATIVA=NAO;0.05881834215167549;0.7050739957716702;7.9399593962768025;0.08342151675485009;282;0.16549295774647887;0.7401574803149606;2.611238812539737;0.22359154929577466;385;0.03995433789954338;0.6814159292035398;12.530770789704789;0.058634288086342884;ESTAVEL_NOS_DOIS_MUNICIPIOS
FAIXA_AREA_RESERVA_LEGAL=1000_HA_OU_MAIS;FAIXA_AREA_APP=100_A_1000_HA + FAIXA_AREA_VEGETACAO_NATIVA=1000_HA_OU_MAIS;FAIXA_AREA_APP=100_A_1000_HA + FAIXA_AREA_RESERVA_LEGAL=1000_HA_OU_MAIS + FAIXA_AREA_VEGETACAO_NATIVA=1000_HA_OU_MAIS;0.012433862433862434;0.6130434782608696;46.346086956521745;0.020282186948853614;0;0.0;0.0;0.0;0.0;141;0.014632627646326276;0.6130434782608696;39.381913043478264;0.023868825238688253;ESPECIFICA_SAO_FELIX_DO_XINGU
FAIXA_AREA_RESERVA_LEGAL=1000_HA_OU_MAIS;FAIXA_AREA_VEGETACAO_NATIVA=1000_HA_OU_MAIS + HIDROGRAFIA=SIM;FAIXA_AREA_RESERVA_LEGAL=1000_HA_OU_MAIS + FAIXA_AREA_VEGETACAO_NATIVA=1000_HA_OU_MAIS + HIDROGRAFIA=SIM;0.015167548500881834;0.7478260869565218;45.349453615438264;0.020282186948853614;0;0.0;0.0;0.0;0.0;172;0.0178497301784973;0.7478260869565218;38.53503836317136;0.023868825238688253;ESPECIFICA_SAO_FELIX_DO_XINGU
FAIXA_AREA_RESERVA_LEGAL=1000_HA_OU_MAIS;AREA_CONSOLIDADA=SIM + FAIXA_AREA_VEGETACAO_NATIVA=1000_HA_OU_MAIS;AREA_CONSOLIDADA=SIM + FAIXA_AREA_RESERVA_LEGAL=1000_HA_OU_MAIS + FAIXA_AREA_VEGETACAO_NATIVA=1000_HA_OU_MAIS;0.014462081128747795;0.7130434782608696;44.92173913043479;0.020282186948853614;0;0.0;0.0;0.0;0.0;164;0.017019510170195103;0.7130434782608696;38.171594202898554;0.023868825238688253;ESPECIFICA_SAO_FELIX_DO_XINGU
FAIXA_AREA_RESERVA_LEGAL=1000_HA_OU_MAIS;FAIXA_AREA_VEGETACAO_NATIVA=1000_HA_OU_MAIS + USO_RESTRITO=NAO;FAIXA_AREA_RESERVA_LEGAL=1000_HA_OU_MAIS + FAIXA_AREA_VEGETACAO_NATIVA=1000_HA_OU_MAIS + USO_RESTRITO=NAO;0.0164021164021164;0.808695652173913;44.30245746691871;0.020282186948853614;0;0.0;0.0;0.0;0.0;186;0.019302615193026153;0.808695652173913;37.64536862003781;0.023868825238688253;ESPECIFICA_SAO_FELIX_DO_XINGU
FAIXA_AREA_VEGETACAO_NATIVA=4_A_15_HA;FAIXA_AREA_RESERVA_LEGAL=4_A_15_HA;FAIXA_AREA_RESERVA_LEGAL=4_A_15_HA + FAIXA_AREA_VEGETACAO_NATIVA=4_A_15_HA;0.0835978835978836;0.602287166454892;5.1899213279623675;0.13880070546737214;164;0.09624413145539906;0.6919831223628692;6.373725624358536;0.13908450704225353;784;0.0813615608136156;0.5863874345549738;4.995958726234949;0.1387505188875052;ESPECIFICA_PRESIDENTE_PRUDENTE
FAIXA_AREA_VEGETACAO_NATIVA=4_A_15_HA + USO_RESTRITO=NAO;FAIXA_AREA_RESERVA_LEGAL=4_A_15_HA;FAIXA_AREA_RESERVA_LEGAL=4_A_15_HA + FAIXA_AREA_VEGETACAO_NATIVA=4_A_15_HA + USO_RESTRITO=NAO;0.08315696649029983;0.6021711366538953;5.18892149669846;0.1380952380952381;159;0.09330985915492958;0.691304347826087;6.3674735605170385;0.13497652582159625;784;0.0813615608136156;0.5868263473053892;4.999698216299496;0.1386467413864674;ESPECIFICA_PRESIDENTE_PRUDENTE
FAIXA_AREA_RESERVA_LEGAL=MENOR_4_HA + FAIXA_MODULOS_FISCAIS=1_A_4_MODULOS;FAIXA_AREA_AREA_CONSOLIDADA=15_A_100_HA;FAIXA_AREA_AREA_CONSOLIDADA=15_A_100_HA + FAIXA_AREA_RESERVA_LEGAL=MENOR_4_HA + FAIXA_MODULOS_FISCAIS=1_A_4_MODULOS;0.015167548500881834;0.7196652719665272;1.5126977171641183;0.02107583774250441;89;0.052230046948356805;0.8811881188118812;4.390481153378496;0.05927230046948357;83;0.008613532586135326;0.6014492753623188;1.1469553171168227;0.014321295143212951;ESPECIFICA_PRESIDENTE_PRUDENTE
FAIXA_MODULOS_FISCAIS=1_A_4_MODULOS + VEGETACAO_NATIVA=SIM;FAIXA_AREA_AREA_CONSOLIDADA=15_A_100_HA;FAIXA_AREA_AREA_CONSOLIDADA=15_A_100_HA + FAIXA_MODULOS_FISCAIS=1_A_4_MODULOS + VEGETACAO_NATIVA=SIM;0.1379188712522046;0.6097465886939571;1.2816545534364179;0.2261904761904762;230;0.13497652582159625;0.7165109034267912;3.56998415040717;0.18838028169014084;1334;0.13843918638439187;0.5944741532976827;1.1336538573474118;0.2328767123287671;ESPECIFICA_PRESIDENTE_PRUDENTE
