uf,municipio,camada,registros_arquivo,imoveis_distintos
PA,São Félix do Xingu,APP,115879,5274
PA,São Félix do Xingu,Área consolidada,10155,9043
PA,São Félix do Xingu,Área de pousio,173,63
PA,São Félix do Xingu,Hidrografia,5633,5050
PA,São Félix do Xingu,Reserva legal,7891,5599
PA,São Félix do Xingu,Servidão administrativa,1894,942
PA,São Félix do Xingu,Uso restrito,13,13
PA,São Félix do Xingu,Vegetação nativa,8973,5575
SP,Presidente Prudente,APP,4379,1210
SP,Presidente Prudente,Área consolidada,2116,1440
SP,Presidente Prudente,Área de pousio,1,1
SP,Presidente Prudente,Hidrografia,1731,1118
SP,Presidente Prudente,Reserva legal,1019,803
SP,Presidente Prudente,Servidão administrativa,399,303
SP,Presidente Prudente,Uso restrito,57,30
SP,Presidente Prudente,Vegetação nativa,1964,1172
